method,loss_kind,lr,probe_steps,initial_loss,final_loss,loss_ratio,finite
MSE,mse,1e-05,8,1252.004195633077,1251.9626515482662,0.9999668179348314,True
MSE,mse,3e-05,8,1252.004195633077,1251.8809096945286,0.9999015291330665,True
MSE,mse,0.0001,8,1252.004195633077,1251.6066379260442,0.9996824629594537,True
MSE,mse,0.0002,8,1252.004195633077,1251.2347221607522,0.9993854066344118,True
MSE,mse,0.0003,8,1252.004195633077,1250.867097767217,0.9990917779111076,True
MSE,mse,0.0005,8,1252.004195633077,1250.0757984172374,0.9984597517943105,True
MSE,mse,0.0007,8,1252.004195633077,1249.1267931417433,0.9977017629003402,True
MSE,mse,0.001,8,1252.004195633077,1247.2883163445485,0.9962333358746104,True
MSE,mse,0.002,8,1252.004195633077,1239.2026719287726,0.9897751750761257,True
MSE,mse,0.003,8,1252.004195633077,1235.6692784525326,0.9869529852715193,True
MSE,mse,0.005,8,1252.004195633077,1221.0334654601606,0.9752630779665591,True
ID,mse,1e-05,8,1252.004195633077,1251.9626515482662,0.9999668179348314,True
ID,mse,3e-05,8,1252.004195633077,1251.8809096945286,0.9999015291330665,True
ID,mse,0.0001,8,1252.004195633077,1251.6066379260442,0.9996824629594537,True
ID,mse,0.0002,8,1252.004195633077,1251.2347221607522,0.9993854066344118,True
ID,mse,0.0003,8,1252.004195633077,1250.867097767217,0.9990917779111076,True
ID,mse,0.0005,8,1252.004195633077,1250.0757984172374,0.9984597517943105,True
ID,mse,0.0007,8,1252.004195633077,1249.1267931417433,0.9977017629003402,True
ID,mse,0.001,8,1252.004195633077,1247.2883163445485,0.9962333358746104,True
ID,mse,0.002,8,1252.004195633077,1239.2026719287726,0.9897751750761257,True
ID,mse,0.003,8,1252.004195633077,1235.6692784525326,0.9869529852715193,True
ID,mse,0.005,8,1252.004195633077,1221.0334654601606,0.9752630779665591,True
GradNorm,mse,1e-05,8,1252.004195633077,1251.9626515482662,0.9999668179348314,True
GradNorm,mse,3e-05,8,1252.004195633077,1251.8809096945286,0.9999015291330665,True
GradNorm,mse,0.0001,8,1252.004195633077,1251.6066379260442,0.9996824629594537,True
GradNorm,mse,0.0002,8,1252.004195633077,1251.2347221607522,0.9993854066344118,True
GradNorm,mse,0.0003,8,1252.004195633077,1250.867097767217,0.9990917779111076,True
GradNorm,mse,0.0005,8,1252.004195633077,1250.0757984172374,0.9984597517943105,True
GradNorm,mse,0.0007,8,1252.004195633077,1249.1267931417433,0.9977017629003402,True
GradNorm,mse,0.001,8,1252.004195633077,1247.2883163445485,0.9962333358746104,True
GradNorm,mse,0.002,8,1252.004195633077,1239.2026719287726,0.9897751750761257,True
GradNorm,mse,0.003,8,1252.004195633077,1235.6692784525326,0.9869529852715193,True
GradNorm,mse,0.005,8,1252.004195633077,1221.0334654601606,0.9752630779665591,True
NTK,mse,1e-05,8,1252.004195633077,1251.9626515482662,0.9999668179348314,True
NTK,mse,3e-05,8,1252.004195633077,1251.8809096945286,0.9999015291330665,True
NTK,mse,0.0001,8,1252.004195633077,1251.6066379260442,0.9996824629594537,True
NTK,mse,0.0002,8,1252.004195633077,1251.2347221607522,0.9993854066344118,True
NTK,mse,0.0003,8,1252.004195633077,1250.867097767217,0.9990917779111076,True
NTK,mse,0.0005,8,1252.004195633077,1250.0757984172374,0.9984597517943105,True
NTK,mse,0.0007,8,1252.004195633077,1249.1267931417433,0.9977017629003402,True
NTK,mse,0.001,8,1252.004195633077,1247.2883163445485,0.9962333358746104,True
NTK,mse,0.002,8,1252.004195633077,1239.2026719287726,0.9897751750761257,True
NTK,mse,0.003,8,1252.004195633077,1235.6692784525326,0.9869529852715193,True
NTK,mse,0.005,8,1252.004195633077,1221.0334654601606,0.9752630779665591,True
SINOS,sinos,1e-05,8,2619.3426449233175,2618.129593524849,0.9995368870885145,True
SINOS,sinos,3e-05,8,2619.3426449233175,2615.74110281517,0.9986250206267867,True
SINOS,sinos,0.0001,8,2619.3426449233175,2607.7840392647304,0.9955872112871565,True
SINOS,sinos,0.0002,8,2619.3426449233175,2597.55959003233,0.991683770379104,True
SINOS,sinos,0.0003,8,2619.3426449233175,2588.7627601354866,0.9883253590945426,True
SINOS,sinos,0.0005,8,2619.3426449233175,2575.751327545384,0.9833579171238173,True
SINOS,sinos,0.0007,8,2619.3426449233175,2569.1508843993574,0.9808380317782253,True
SINOS,sinos,0.001,8,2619.3426449233175,2568.9789294256407,0.9807723836378225,True
SINOS,sinos,0.002,8,2619.3426449233175,2566.3190224661325,0.9797568971894712,True
SINOS,sinos,0.003,8,2619.3426449233175,2563.95180673283,0.9788531529855999,True
SINOS,sinos,0.005,8,2619.3426449233175,2556.2561961834163,0.975915159911525,True
D-SINOS,dsinos,1e-05,8,177.25780214411708,175.92975042053394,0.9925077953832273,True
D-SINOS,dsinos,3e-05,8,177.25780214411708,173.3106453176417,0.9777321123316975,True
D-SINOS,dsinos,0.0001,8,177.25780214411708,164.53523435229437,0.9282256259643861,True
D-SINOS,dsinos,0.0002,8,177.25780214411708,153.081375701693,0.8636086753305913,True
D-SINOS,dsinos,0.0003,8,177.25780214411708,142.9325888425224,0.8063542880121743,True
D-SINOS,dsinos,0.0005,8,177.25780214411708,126.79971196478522,0.7153406531673704,True
D-SINOS,dsinos,0.0007,8,177.25780214411708,116.84815932595691,0.6591989628245254,True
D-SINOS,dsinos,0.001,8,177.25780214411708,113.70959540433638,0.6414927525271148,True
D-SINOS,dsinos,0.002,8,177.25780214411708,115.46952110031506,0.6514213744252234,True
D-SINOS,dsinos,0.003,8,177.25780214411708,110.69394933882158,0.6244799833906512,True
D-SINOS,dsinos,0.005,8,177.25780214411708,105.32438475288124,0.5941875814710185,True
MSE,mse,1e-05,8,1251.502496005048,1251.4231587079003,0.999936606361233,True
MSE,mse,3e-05,8,1251.502496005048,1251.265779346114,0.9998108540257094,True
MSE,mse,0.0001,8,1251.502496005048,1250.7263688261767,0.9993798436828142,True
MSE,mse,0.0002,8,1251.502496005048,1249.9757534531236,0.9987800723076479,True
MSE,mse,0.0003,8,1251.502496005048,1249.2316495733144,0.9981855038731585,True
MSE,mse,0.0005,8,1251.502496005048,1247.7118471817098,0.9969711216434338,True
MSE,mse,0.0007,8,1251.502496005048,1246.120295869484,0.9956994091879603,True
MSE,mse,0.001,8,1251.502496005048,1243.7377890139187,0.9937956919655253,True
MSE,mse,0.002,8,1251.502496005048,1241.1357136960514,0.9917165308562399,True
MSE,mse,0.003,8,1251.502496005048,1238.4092407710718,0.9895379711380748,True
MSE,mse,0.005,8,1251.502496005048,1235.6983418569814,0.9873718556706715,True
ID,mse,1e-05,8,1251.502496005048,1251.4231587079003,0.999936606361233,True
ID,mse,3e-05,8,1251.502496005048,1251.265779346114,0.9998108540257094,True
ID,mse,0.0001,8,1251.502496005048,1250.7263688261767,0.9993798436828142,True
ID,mse,0.0002,8,1251.502496005048,1249.9757534531236,0.9987800723076479,True
ID,mse,0.0003,8,1251.502496005048,1249.2316495733144,0.9981855038731585,True
ID,mse,0.0005,8,1251.502496005048,1247.7118471817098,0.9969711216434338,True
ID,mse,0.0007,8,1251.502496005048,1246.120295869484,0.9956994091879603,True
ID,mse,0.001,8,1251.502496005048,1243.7377890139187,0.9937956919655253,True
ID,mse,0.002,8,1251.502496005048,1241.1357136960514,0.9917165308562399,True
ID,mse,0.003,8,1251.502496005048,1238.4092407710718,0.9895379711380748,True
ID,mse,0.005,8,1251.502496005048,1235.6983418569814,0.9873718556706715,True
GradNorm,mse,1e-05,8,1251.502496005048,1251.4231587079003,0.999936606361233,True
GradNorm,mse,3e-05,8,1251.502496005048,1251.265779346114,0.9998108540257094,True
GradNorm,mse,0.0001,8,1251.502496005048,1250.7263688261767,0.9993798436828142,True
GradNorm,mse,0.0002,8,1251.502496005048,1249.9757534531236,0.9987800723076479,True
GradNorm,mse,0.0003,8,1251.502496005048,1249.2316495733144,0.9981855038731585,True
GradNorm,mse,0.0005,8,1251.502496005048,1247.7118471817098,0.9969711216434338,True
GradNorm,mse,0.0007,8,1251.502496005048,1246.120295869484,0.9956994091879603,True
GradNorm,mse,0.001,8,1251.502496005048,1243.7377890139187,0.9937956919655253,True
GradNorm,mse,0.002,8,1251.502496005048,1241.1357136960514,0.9917165308562399,True
GradNorm,mse,0.003,8,1251.502496005048,1238.4092407710718,0.9895379711380748,True
GradNorm,mse,0.005,8,1251.502496005048,1235.6983418569814,0.9873718556706715,True
NTK,mse,1e-05,8,1251.502496005048,1251.4231587079003,0.999936606361233,True
NTK,mse,3e-05,8,1251.502496005048,1251.265779346114,0.9998108540257094,True
NTK,mse,0.0001,8,1251.502496005048,1250.7263688261767,0.9993798436828142,True
NTK,mse,0.0002,8,1251.502496005048,1249.9757534531236,0.9987800723076479,True
NTK,mse,0.0003,8,1251.502496005048,1249.2316495733144,0.9981855038731585,True
NTK,mse,0.0005,8,1251.502496005048,1247.7118471817098,0.9969711216434338,True
NTK,mse,0.0007,8,1251.502496005048,1246.120295869484,0.9956994091879603,True
NTK,mse,0.001,8,1251.502496005048,1243.7377890139187,0.9937956919655253,True
NTK,mse,0.002,8,1251.502496005048,1241.1357136960514,0.9917165308562399,True
NTK,mse,0.003,8,1251.502496005048,1238.4092407710718,0.9895379711380748,True
NTK,mse,0.005,8,1251.502496005048,1235.6983418569814,0.9873718556706715,True
SINOS,sinos,1e-05,8,2612.731843070712,2611.1894406980764,0.9994096591363839,True
SINOS,sinos,3e-05,8,2612.731843070712,2608.188455650193,0.9982610586568352,True
SINOS,sinos,0.0001,8,2612.731843070712,2598.5636676643985,0.9945772561987603,True
SINOS,sinos,0.0002,8,2612.731843070712,2587.1793336711075,0.9902200030717379,True
SINOS,sinos,0.0003,8,2612.731843070712,2578.5904781880718,0.9869326946149536,True
SINOS,sinos,0.0005,8,2612.731843070712,2569.439159026376,0.9834301081608686,True
SINOS,sinos,0.0007,8,2612.731843070712,2568.5176177601993,0.9830773963934438,True
SINOS,sinos,0.001,8,2612.731843070712,2570.276172722639,0.9837504677486629,True
SINOS,sinos,0.002,8,2612.731843070712,2559.279432520383,0.9795415627163993,True
SINOS,sinos,0.003,8,2612.731843070712,2559.7444610578673,0.9797195482753526,True
SINOS,sinos,0.005,8,2612.731843070712,2541.424540369121,0.9727077606947278,True
D-SINOS,dsinos,1e-05,8,173.02125023893177,171.14074592774537,0.989131367918163,True
D-SINOS,dsinos,3e-05,8,173.02125023893177,167.4670015408035,0.9678984593484431,True
D-SINOS,dsinos,0.0001,8,173.02125023893177,155.50614590220985,0.8987690569075496,True
D-SINOS,dsinos,0.0002,8,173.02125023893177,140.81529441785952,0.813861269776991,True
D-SINOS,dsinos,0.0003,8,173.02125023893177,128.94630695430376,0.7452628320292265,True
D-SINOS,dsinos,0.0005,8,173.02125023893177,113.71212000653392,0.6572147632126368,True
D-SINOS,dsinos,0.0007,8,173.02125023893177,109.1791818127455,0.6310160264243596,True
D-SINOS,dsinos,0.001,8,173.02125023893177,113.99793268867691,0.6588666567329315,True
D-SINOS,dsinos,0.002,8,173.02125023893177,105.6579051708942,0.6106643260581408,True
D-SINOS,dsinos,0.003,8,173.02125023893177,107.98210947879603,0.6240973830074591,True
D-SINOS,dsinos,0.005,8,173.02125023893177,97.50180767339774,0.5635250441131,True
MSE,mse,1e-05,8,1251.7910732863381,1251.7428648230307,0.9999614884110166,True
MSE,mse,3e-05,8,1251.7910732863381,1251.6481252650592,0.99988580520797,True
MSE,mse,0.0001,8,1251.7910732863381,1251.3314788944322,0.9996328505597188,True
MSE,mse,0.0002,8,1251.7910732863381,1250.904958521893,0.9992921224768612,True
MSE,mse,0.0003,8,1251.7910732863381,1250.4849096370633,0.9989565641766036,True
MSE,mse,0.0005,8,1251.7910732863381,1249.5795950848953,0.9982333488002618,True
MSE,mse,0.0007,8,1251.7910732863381,1248.4911927973544,0.9973638728064097,True
MSE,mse,0.001,8,1251.7910732863381,1246.3919726168974,0.9956868995276772,True
MSE,mse,0.002,8,1251.7910732863381,1237.5404056814973,0.9886157778970028,True
MSE,mse,0.003,8,1251.7910732863381,1232.1935752878421,0.9843444338143054,True
MSE,mse,0.005,8,1251.7910732863381,1210.5770895495618,0.9670759884646111,True
ID,mse,1e-05,8,1251.7910732863381,1251.7428648230307,0.9999614884110166,True
ID,mse,3e-05,8,1251.7910732863381,1251.6481252650592,0.99988580520797,True
ID,mse,0.0001,8,1251.7910732863381,1251.3314788944322,0.9996328505597188,True
ID,mse,0.0002,8,1251.7910732863381,1250.904958521893,0.9992921224768612,True
ID,mse,0.0003,8,1251.7910732863381,1250.4849096370633,0.9989565641766036,True
ID,mse,0.0005,8,1251.7910732863381,1249.5795950848953,0.9982333488002618,True
ID,mse,0.0007,8,1251.7910732863381,1248.4911927973544,0.9973638728064097,True
ID,mse,0.001,8,1251.7910732863381,1246.3919726168974,0.9956868995276772,True
ID,mse,0.002,8,1251.7910732863381,1237.5404056814973,0.9886157778970028,True
ID,mse,0.003,8,1251.7910732863381,1232.1935752878421,0.9843444338143054,True
ID,mse,0.005,8,1251.7910732863381,1210.5770895495618,0.9670759884646111,True
GradNorm,mse,1e-05,8,1251.7910732863381,1251.7428648230307,0.9999614884110166,True
GradNorm,mse,3e-05,8,1251.7910732863381,1251.6481252650592,0.99988580520797,True
GradNorm,mse,0.0001,8,1251.7910732863381,1251.3314788944322,0.9996328505597188,True
GradNorm,mse,0.0002,8,1251.7910732863381,1250.904958521893,0.9992921224768612,True
GradNorm,mse,0.0003,8,1251.7910732863381,1250.4849096370633,0.9989565641766036,True
GradNorm,mse,0.0005,8,1251.7910732863381,1249.5795950848953,0.9982333488002618,True
GradNorm,mse,0.0007,8,1251.7910732863381,1248.4911927973544,0.9973638728064097,True
GradNorm,mse,0.001,8,1251.7910732863381,1246.3919726168974,0.9956868995276772,True
GradNorm,mse,0.002,8,1251.7910732863381,1237.5404056814973,0.9886157778970028,True
GradNorm,mse,0.003,8,1251.7910732863381,1232.1935752878421,0.9843444338143054,True
GradNorm,mse,0.005,8,1251.7910732863381,1210.5770895495618,0.9670759884646111,True
NTK,mse,1e-05,8,1251.7910732863381,1251.7428648230307,0.9999614884110166,True
NTK,mse,3e-05,8,1251.7910732863381,1251.6481252650592,0.99988580520797,True
NTK,mse,0.0001,8,1251.7910732863381,1251.3314788944322,0.9996328505597188,True
NTK,mse,0.0002,8,1251.7910732863381,1250.904958521893,0.9992921224768612,True
NTK,mse,0.0003,8,1251.7910732863381,1250.4849096370633,0.9989565641766036,True
NTK,mse,0.0005,8,1251.7910732863381,1249.5795950848953,0.9982333488002618,True
NTK,mse,0.0007,8,1251.7910732863381,1248.4911927973544,0.9973638728064097,True
NTK,mse,0.001,8,1251.7910732863381,1246.3919726168974,0.9956868995276772,True
NTK,mse,0.002,8,1251.7910732863381,1237.5404056814973,0.9886157778970028,True
NTK,mse,0.003,8,1251.7910732863381,1232.1935752878421,0.9843444338143054,True
NTK,mse,0.005,8,1251.7910732863381,1210.5770895495618,0.9670759884646111,True
SINOS,sinos,1e-05,8,2613.6211385724505,2612.0450534256597,0.9993969726049692,True
SINOS,sinos,3e-05,8,2613.6211385724505,2608.9795336995808,0.9982240712686442,True
SINOS,sinos,0.0001,8,2613.6211385724505,2599.1508615104226,0.9944635139162016,True
SINOS,sinos,0.0002,8,2613.6211385724505,2587.514905158606,0.9900114698995341,True
SINOS,sinos,0.0003,8,2613.6211385724505,2578.661649912161,0.9866241177252706,True
SINOS,sinos,0.0005,8,2613.6211385724505,2568.7436421410553,0.9828293796032324,True
SINOS,sinos,0.0007,8,2613.6211385724505,2566.8757271632094,0.9821146949267585,True
SINOS,sinos,0.001,8,2613.6211385724505,2568.8493724938116,0.9828698331912432,True
SINOS,sinos,0.002,8,2613.6211385724505,2562.493138227433,0.9804378685225421,True
SINOS,sinos,0.003,8,2613.6211385724505,2560.941509965877,0.9798441985989801,True
SINOS,sinos,0.005,8,2613.6211385724505,2551.8857890749355,0.9763793808573057,True
D-SINOS,dsinos,1e-05,8,172.98308377690077,171.22426977600261,0.9898324508819225,True
D-SINOS,dsinos,3e-05,8,172.98308377690077,167.79221948530838,0.9699920698703283,True
D-SINOS,dsinos,0.0001,8,172.98308377690077,156.6705527504342,0.9056986922056199,True
D-SINOS,dsinos,0.0002,8,172.98308377690077,143.17602553715534,0.8276880167185128,True
D-SINOS,dsinos,0.0003,8,172.98308377690077,132.4754599278714,0.7658289876409375,True
D-SINOS,dsinos,0.0005,8,172.98308377690077,119.08026923794691,0.6883925678624551,True
D-SINOS,dsinos,0.0007,8,172.98308377690077,114.724204774816,0.663210542152074,True
D-SINOS,dsinos,0.001,8,172.98308377690077,116.61101086101962,0.6741180022632435,True
D-SINOS,dsinos,0.002,8,172.98308377690077,111.85939950115022,0.6466493547161941,True
D-SINOS,dsinos,0.003,8,172.98308377690077,106.8928647084817,0.6179382536985133,True
D-SINOS,dsinos,0.005,8,172.98308377690077,103.15297155350467,0.5963182601516274,True
MSE,mse,1e-05,8,1251.6675768717112,1251.6028065015523,0.9999482527379029,True
MSE,mse,3e-05,8,1251.6675768717112,1251.4747908815887,0.999845976684477,True
MSE,mse,0.0001,8,1251.6675768717112,1251.0404762757041,0.9994989879041412,True
MSE,mse,0.0002,8,1251.6675768717112,1250.4443177458847,0.999022696482333,True
MSE,mse,0.0003,8,1251.6675768717112,1249.8573603523141,0.9985537561627015,True
MSE,mse,0.0005,8,1251.6675768717112,1248.6444930852906,0.9975847550561499,True
MSE,mse,0.0007,8,1251.6675768717112,1247.3035376053338,0.9965134198991681,True
MSE,mse,0.001,8,1251.6675768717112,1244.9968646881678,0.9946705400804458,True
MSE,mse,0.002,8,1251.6675768717112,1240.9564565875166,0.9914425199772572,True
MSE,mse,0.003,8,1251.6675768717112,1236.97237652459,0.9882595022682868,True
MSE,mse,0.005,8,1251.6675768717112,1225.820767478951,0.9793501007213441,True
ID,mse,1e-05,8,1251.6675768717112,1251.6028065015523,0.9999482527379029,True
ID,mse,3e-05,8,1251.6675768717112,1251.4747908815887,0.999845976684477,True
ID,mse,0.0001,8,1251.6675768717112,1251.0404762757041,0.9994989879041412,True
ID,mse,0.0002,8,1251.6675768717112,1250.4443177458847,0.999022696482333,True
ID,mse,0.0003,8,1251.6675768717112,1249.8573603523141,0.9985537561627015,True
ID,mse,0.0005,8,1251.6675768717112,1248.6444930852906,0.9975847550561499,True
ID,mse,0.0007,8,1251.6675768717112,1247.3035376053338,0.9965134198991681,True
ID,mse,0.001,8,1251.6675768717112,1244.9968646881678,0.9946705400804458,True
ID,mse,0.002,8,1251.6675768717112,1240.9564565875166,0.9914425199772572,True
ID,mse,0.003,8,1251.6675768717112,1236.97237652459,0.9882595022682868,True
ID,mse,0.005,8,1251.6675768717112,1225.820767478951,0.9793501007213441,True
GradNorm,mse,1e-05,8,1251.6675768717112,1251.6028065015523,0.9999482527379029,True
GradNorm,mse,3e-05,8,1251.6675768717112,1251.4747908815887,0.999845976684477,True
GradNorm,mse,0.0001,8,1251.6675768717112,1251.0404762757041,0.9994989879041412,True
GradNorm,mse,0.0002,8,1251.6675768717112,1250.4443177458847,0.999022696482333,True
GradNorm,mse,0.0003,8,1251.6675768717112,1249.8573603523141,0.9985537561627015,True
GradNorm,mse,0.0005,8,1251.6675768717112,1248.6444930852906,0.9975847550561499,True
GradNorm,mse,0.0007,8,1251.6675768717112,1247.3035376053338,0.9965134198991681,True
GradNorm,mse,0.001,8,1251.6675768717112,1244.9968646881678,0.9946705400804458,True
GradNorm,mse,0.002,8,1251.6675768717112,1240.9564565875166,0.9914425199772572,True
GradNorm,mse,0.003,8,1251.6675768717112,1236.97237652459,0.9882595022682868,True
GradNorm,mse,0.005,8,1251.6675768717112,1225.820767478951,0.9793501007213441,True
NTK,mse,1e-05,8,1251.6675768717112,1251.6028065015523,0.9999482527379029,True
NTK,mse,3e-05,8,1251.6675768717112,1251.4747908815887,0.999845976684477,True
NTK,mse,0.0001,8,1251.6675768717112,1251.0404762757041,0.9994989879041412,True
NTK,mse,0.0002,8,1251.6675768717112,1250.4443177458847,0.999022696482333,True
NTK,mse,0.0003,8,1251.6675768717112,1249.8573603523141,0.9985537561627015,True
NTK,mse,0.0005,8,1251.6675768717112,1248.6444930852906,0.9975847550561499,True
NTK,mse,0.0007,8,1251.6675768717112,1247.3035376053338,0.9965134198991681,True
NTK,mse,0.001,8,1251.6675768717112,1244.9968646881678,0.9946705400804458,True
NTK,mse,0.002,8,1251.6675768717112,1240.9564565875166,0.9914425199772572,True
NTK,mse,0.003,8,1251.6675768717112,1236.97237652459,0.9882595022682868,True
NTK,mse,0.005,8,1251.6675768717112,1225.820767478951,0.9793501007213441,True
SINOS,sinos,1e-05,8,2619.824011015976,2618.5524709975452,0.9995146467804387,True
SINOS,sinos,3e-05,8,2619.824011015976,2616.059082000638,0.998562907661161,True
SINOS,sinos,0.0001,8,2619.824011015976,2607.859597726922,0.9954331232789893,True
SINOS,sinos,0.0002,8,2619.824011015976,2597.5956594409363,0.9915153264182737,True
SINOS,sinos,0.0003,8,2619.824011015976,2589.0658935009783,0.9882594718631236,True
SINOS,sinos,0.0005,8,2619.824011015976,2577.185533169054,0.9837246785785483,True
SINOS,sinos,0.0007,8,2619.824011015976,2571.755225627834,0.9816519028812548,True
SINOS,sinos,0.001,8,2619.824011015976,2571.5071803945802,0.9815572227683117,True
SINOS,sinos,0.002,8,2619.824011015976,2561.1141694617872,0.9775901582292084,True
SINOS,sinos,0.003,8,2619.824011015976,2554.149256412971,0.9749316158921928,True
SINOS,sinos,0.005,8,2619.824011015976,2527.5867037387293,0.9647925559543686,True
D-SINOS,dsinos,1e-05,8,179.19050932305976,177.6567508972105,0.9914406268967957,True
D-SINOS,dsinos,3e-05,8,179.19050932305976,174.64060379280747,0.9746085574094254,True
D-SINOS,dsinos,0.0001,8,179.19050932305976,164.62583693653391,0.9187196216945429,True
D-SINOS,dsinos,0.0002,8,179.19050932305976,151.7987264368253,0.8471359728273876,True
D-SINOS,dsinos,0.0003,8,179.19050932305976,140.73421659137438,0.785388786063702,True
D-SINOS,dsinos,0.0005,8,179.19050932305976,123.98626170520902,0.691924266377725,True
D-SINOS,dsinos,0.0007,8,179.19050932305976,114.43089590108505,0.6385990883857547,True
D-SINOS,dsinos,0.001,8,179.19050932305976,111.86523815295237,0.6242810435416102,True
D-SINOS,dsinos,0.002,8,179.19050932305976,112.02300449161811,0.6251614826857465,True
D-SINOS,dsinos,0.003,8,179.19050932305976,103.91340571592539,0.5799046283672399,True
D-SINOS,dsinos,0.005,8,179.19050932305976,99.91956596138183,0.5576163957502818,True
MSE,mse,1e-05,8,1250.1181568938223,1250.0349052892211,0.9999334050112447,True
MSE,mse,3e-05,8,1250.1181568938223,1249.8663680253728,0.9997985879438188,True
MSE,mse,0.0001,8,1250.1181568938223,1249.25551611089,0.9993099526007401,True
MSE,mse,0.0002,8,1250.1181568938223,1248.3302650749845,0.998569821733267,True
MSE,mse,0.0003,8,1250.1181568938223,1247.3543497557278,0.997789163270005,True
MSE,mse,0.0005,8,1250.1181568938223,1245.3372457178602,0.9961756325595325,True
MSE,mse,0.0007,8,1250.1181568938223,1243.4514284248828,0.9946671213179525,True
MSE,mse,0.001,8,1250.1181568938223,1241.6012315616688,0.9931871037268064,True
MSE,mse,0.002,8,1250.1181568938223,1240.0192952759119,0.991921674313568,True
MSE,mse,0.003,8,1250.1181568938223,1239.5826855828827,0.991572419572629,True
MSE,mse,0.005,8,1250.1181568938223,1236.5225885360433,0.9891245733190852,True
ID,mse,1e-05,8,1250.1181568938223,1250.0349052892211,0.9999334050112447,True
ID,mse,3e-05,8,1250.1181568938223,1249.8663680253728,0.9997985879438188,True
ID,mse,0.0001,8,1250.1181568938223,1249.25551611089,0.9993099526007401,True
ID,mse,0.0002,8,1250.1181568938223,1248.3302650749845,0.998569821733267,True
ID,mse,0.0003,8,1250.1181568938223,1247.3543497557278,0.997789163270005,True
ID,mse,0.0005,8,1250.1181568938223,1245.3372457178602,0.9961756325595325,True
ID,mse,0.0007,8,1250.1181568938223,1243.4514284248828,0.9946671213179525,True
ID,mse,0.001,8,1250.1181568938223,1241.6012315616688,0.9931871037268064,True
ID,mse,0.002,8,1250.1181568938223,1240.0192952759119,0.991921674313568,True
ID,mse,0.003,8,1250.1181568938223,1239.5826855828827,0.991572419572629,True
ID,mse,0.005,8,1250.1181568938223,1236.5225885360433,0.9891245733190852,True
GradNorm,mse,1e-05,8,1250.1181568938223,1250.0349052892211,0.9999334050112447,True
GradNorm,mse,3e-05,8,1250.1181568938223,1249.8663680253728,0.9997985879438188,True
GradNorm,mse,0.0001,8,1250.1181568938223,1249.25551611089,0.9993099526007401,True
GradNorm,mse,0.0002,8,1250.1181568938223,1248.3302650749845,0.998569821733267,True
GradNorm,mse,0.0003,8,1250.1181568938223,1247.3543497557278,0.997789163270005,True
GradNorm,mse,0.0005,8,1250.1181568938223,1245.3372457178602,0.9961756325595325,True
GradNorm,mse,0.0007,8,1250.1181568938223,1243.4514284248828,0.9946671213179525,True
GradNorm,mse,0.001,8,1250.1181568938223,1241.6012315616688,0.9931871037268064,True
GradNorm,mse,0.002,8,1250.1181568938223,1240.0192952759119,0.991921674313568,True
GradNorm,mse,0.003,8,1250.1181568938223,1239.5826855828827,0.991572419572629,True
GradNorm,mse,0.005,8,1250.1181568938223,1236.5225885360433,0.9891245733190852,True
NTK,mse,1e-05,8,1250.1181568938223,1250.0349052892211,0.9999334050112447,True
NTK,mse,3e-05,8,1250.1181568938223,1249.8663680253728,0.9997985879438188,True
NTK,mse,0.0001,8,1250.1181568938223,1249.25551611089,0.9993099526007401,True
NTK,mse,0.0002,8,1250.1181568938223,1248.3302650749845,0.998569821733267,True
NTK,mse,0.0003,8,1250.1181568938223,1247.3543497557278,0.997789163270005,True
NTK,mse,0.0005,8,1250.1181568938223,1245.3372457178602,0.9961756325595325,True
NTK,mse,0.0007,8,1250.1181568938223,1243.4514284248828,0.9946671213179525,True
NTK,mse,0.001,8,1250.1181568938223,1241.6012315616688,0.9931871037268064,True
NTK,mse,0.002,8,1250.1181568938223,1240.0192952759119,0.991921674313568,True
NTK,mse,0.003,8,1250.1181568938223,1239.5826855828827,0.991572419572629,True
NTK,mse,0.005,8,1250.1181568938223,1236.5225885360433,0.9891245733190852,True
SINOS,sinos,1e-05,8,2718.4053416155316,2715.310774855053,0.9988616242349496,True
SINOS,sinos,3e-05,8,2718.4053416155316,2709.249792351766,0.9966320146875798,True
SINOS,sinos,0.0001,8,2718.4053416155316,2689.3528449213695,0.9893126693619222,True
SINOS,sinos,0.0002,8,2718.4053416155316,2664.33100007598,0.9801080653014698,True
SINOS,sinos,0.0003,8,2718.4053416155316,2643.0586793905995,0.9722827714206322,True
SINOS,sinos,0.0005,8,2718.4053416155316,2610.561856434268,0.9603284015336827,True
SINOS,sinos,0.0007,8,2718.4053416155316,2589.4755878025394,0.9525715492685245,True
SINOS,sinos,0.001,8,2718.4053416155316,2574.434093613314,0.947038344209309,True
SINOS,sinos,0.002,8,2718.4053416155316,2580.8788833927147,0.9494091421476218,True
SINOS,sinos,0.003,8,2718.4053416155316,2566.615104782293,0.9441620296614668,True
SINOS,sinos,0.005,8,2718.4053416155316,2571.0930836168936,0.945809311163621,True
D-SINOS,dsinos,1e-05,8,293.84353850656754,290.4514287709726,0.9884560683116089,True
D-SINOS,dsinos,3e-05,8,293.84353850656754,283.7865073770312,0.9657741967693071,True
D-SINOS,dsinos,0.0001,8,293.84353850656754,261.6888097163961,0.8905719385439107,True
D-SINOS,dsinos,0.0002,8,293.84353850656754,233.34975425113987,0.7941292683756747,True
D-SINOS,dsinos,0.0003,8,293.84353850656754,208.62779336473935,0.7099961919362621,True
D-SINOS,dsinos,0.0005,8,293.84353850656754,169.165139183713,0.5756980059642594,True
D-SINOS,dsinos,0.0007,8,293.84353850656754,141.505471650749,0.4815674095470583,True
D-SINOS,dsinos,0.001,8,293.84353850656754,118.63780375636226,0.4037448104502412,True
D-SINOS,dsinos,0.002,8,293.84353850656754,126.23901803741302,0.42961304740274736,True
D-SINOS,dsinos,0.003,8,293.84353850656754,115.35111423372058,0.39255964184198805,True
D-SINOS,dsinos,0.005,8,293.84353850656754,120.31445746017664,0.40945075080317805,True
