degree,N,MSE C0,MSE C1,MSE ratio,L2 C0,L2 C1,L2 ratio,SINOS C0,SINOS C1,SINOS ratio,D-SINOS C0,D-SINOS C1,D-SINOS ratio,MSE-L2 ratio,MSE-Half ratio,L2-MSE ratio,L2-Half ratio,SINOS-MSE ratio,SINOS-L2 ratio,D-SINOS-MSE ratio,D-SINOS-L2 ratio
1,4,0.10714285714285721,0.25000000000000017,2.3333333333333335,0.85714285714285765,2.0000000000000013,2.3333333333333335,2.0000000000000022,6.8571428571428585,3.4285714285714253,2.0000000000000022,6.8571428571428585,3.4285714285714253,2.3333333333333335,3.4285714285714253,2.3333333333333335,3.4285714285714253,2.3333333333333335,2.3333333333333335,2.3333333333333335,2.3333333333333335
2,9,0.038671874999999856,1.6114046624064018,41.668645815761657,0.37500000000000078,6.1572185760168106,16.419249536044795,1.8261365524656408,8.0057933025623473,4.3840058355729008,0.66143903327806552,8.0057933025623473,12.103599726925632,7.3208402822632195,9.5056534714770233,146.92131037885423,4.8165765857968372,146.91808728798932,16.410732972054809,22.855581140469827,6.6239546292153237
3,16,0.024955634427684031,11.024011490074534,441.74438930894371,0.21739130434782739,26.904866355772104,123.76238523655094,1.8288666673762679,8.8882786320742682,4.8599926887100997,0.65693686071491886,8.7387075988313843,13.302203181781257,51.158155886070809,17.202089789418725,1076.7072668658466,15.01766493571593,227.89229644259333,28.30851437679468,36.807786529415829,11.255065206471173
4,25,0.024601896582571701,44.955752846320642,1827.3287466043523,0.217391304347829,75.657119037292617,348.0227475715414,0.69570852564075336,22.483038428762423,32.316749903352637,0.65515273705994181,9.1733418509474998,14.00183702523127,216.91158482564424,82.105518835409725,3074.0631517447555,41.981536213412731,1007.4028006860362,148.43586396432906,39.4666156318522,11.968087589659465
5,36,0.024226567193631209,136.22246368583441,5622.8545545505594,0.20900863918993595,166.52725867849156,796.74820774829516,0.69574009688531346,22.645323645775836,32.548538954638857,0.65517111206132106,9.5701623758564285,14.607118964306082,671.45040204075588,248.6238653130176,6869.1963183976641,91.86106574316122,1036.4615428016029,197.60436992328539,46.48440106054634,16.481220614392548
6,49,0.018454047922368065,343.7213922355665,18625.799265371119,0.14776122783405188,318.9906324515498,2158.824998461726,0.67468750291585255,47.887525420931802,70.977341678884429,0.65518478318928708,9.8241210237248655,14.994427947339268,2339.035671303111,646.3206058482989,17283.15618058616,175.55545983927288,2645.8181684215201,533.59692804247595,53.73197440303786,22.07217811112351
7,64,0.014948274305008551,762.22508012014418,50990.84112102184,0.10949580723402881,555.85745431876921,5076.5181641221907,0.67469972168552816,47.954224309743232,71.074913429554201,0.6551960721499015,10.057411323705507,15.350231405850803,6971.6305672390981,1454.1052365409528,37183.595346340808,305.5426055250515,3217.295294454947,643.30810709545153,66.554437166516365,27.754190802663967
8,81,0.012782579857108175,1534.9791868746763,120083.67669387965,0.086021365087494861,903.44485999888605,10502.563625675619,0.66649939144174275,82.696888776359216,124.07646554256092,0.65520460499985045,10.227674643703201,15.609894322561326,18010.824801662606,2964.4118327452429,65368.387759714002,496.27614786197699,6589.3516415820322,1314.0817720803529,78.014761797500626,33.429830513924145
9,100,0.012143938814473332,2867.4142694586867,236118.96545799938,0.072534810815449491,1391.4056187141316,19182.591132060556,0.66650635071151143,82.733824485547572,124.13058689872533,0.65521134338597142,10.386034672209858,15.851426836625539,41435.442184973173,5594.3276796457003,101053.70100701446,764.00848428494498,7612.0951309078628,1533.8211320057267,89.310157294018239,39.26012313054499
10,121,0.012282747109236034,5043.0261658718273,410578.03445938532,0.066739630511057038,2052.8220837979193,30758.667197862589,0.66257869289008764,126.82113591279183,191.40539421757356,0.65521676656720906,10.509929901390221,16.040386079332972,85325.574425180617,9922.8492589134421,164743.2455004949,1126.8920579307844,13245.649978767391,2727.5544958719429,95.426835189852738,45.890289796276683
11,144,0.010802019329272061,8440.6539479901767,781395.93076982442,0.061932240047252847,2924.1405029045904,47215.158061028305,0.6625832264690763,126.84450513774055,191.43935443958989,0.65522123578955693,10.626534064300232,16.218238182550678,157252.85839478162,16727.232906791167,270334.4665398029,1604.9088302908424,14792.724022968398,3141.1844943796023,104.43211712979421,54.514663219226684
12,169,0.0095460315139949611,13553.745266934204,1419830.3501369897,0.054599458168150775,4045.2090918940776,74088.813838334914,0.66040260438831988,180.24349615232333,272.92971734911464,0.65522497675486524,10.721752404170713,16.363467182329295,271070.35604082717,27023.916082727446,423543.20226795733,2219.9178384240363,23190.659738118975,5110.2145275032253,116.30626804982941,63.671842527355295
13,196,0.0085452134589515585,21011.137085370567,2458819.4532882385,0.047220010122824632,5459.2449783088132,115612.95654339535,0.66040580567333884,180.25952963844588,272.9526725687341,0.65522815637794962,10.812225652319738,16.501466774701626,463798.80797422264,42112.414602386038,637413.19540507661,2995.6138337148459,25296.902715308737,5810.9425950521181,127.62228535043727,73.417961220756922
14,225,0.0077429094980027199,31599.738417146677,4081119.4325980195,0.040901458673807567,7212.8532852813796,176347.09174566282,0.65907061029477121,242.95917155782811,368.63906198026933,0.6552308908433816,10.888290924430326,16.617487173743353,787753.09761302301,63623.467720831432,921688.5490829855,3957.5596727483917,36847.396884051435,8851.823201963296,138.12754111823773,83.372712814185903
15,256,0.0071141379447228707,46288.789945238073,6506591.5652611433,0.035724876900642411,9356.0085962059475,261890.57620063363,0.65907299555774701,242.97080574179614,368.65538017709207,0.65523326815690686,10.961115253065818,16.728569481671972,1309867.5506505305,93570.48391584272,1268175.3409093034,5133.1562398182632,39477.382388483449,9941.9457989200837,147.57034732252228,94.016609070385215
16,289,0.0066722412401623481,66255.976491942041,9930093.0687467027,0.031554571435629647,11942.065658702339,378457.54562262981,0.65819639960856602,314.96650887505751,478.52967452020442,0.65523535360024154,11.023655334505781,16.823962983583609,2120842.786313659,134405.01636441943,1625304.7973722392,6551.6658654698149,54421.316130014391,14393.682498750517,155.73591333039056,104.61295043475579
17,324,0.0064745485413984696,92915.153339517405,14350831.219414752,0.02824870223799876,15027.748006018866,531980.11998598231,0.65819824703869045,314.97530827338124,478.54170030152977,0.65523719801839353,11.083895882676712,16.915852635041592,3340642.2622970161,189075.6633046706,2150170.1453763959,8244.1913990980574,57479.725237079874,15987.862679550939,166.61695672509927,116.0928749111101
18,361,0.0063855627427516527,127945.89411823802,20036745.275656607,0.025680922735833018,18673.154357956559,727121.62837909232,0.65759187306997302,396.26488278525397,602.60003052545062,0.65523884077204797,11.136473806621828,16.996052605031867,5120091.2490029847,261090.90807645401,2905911.1781500974,10243.691644361639,75935.435582251754,22231.673925599436,178.63814484745561,127.41678517013806
19,400,0.0058881713888438957,173324.67668053371,29436078.747457262,0.02370329385380808,22941.751121887482,967871.86048413895,0.65759334668824976,396.27175498934389,602.60913068089087,0.65524031329376187,11.187369835650996,17.07368977255738,7637152.9665716682,354585.45275188336,3845124.6576103256,12584.967693827684,79361.395606701481,24457.34729408818,190.69424287376637,139.80800740536634
20,441,0.0054804399301288916,231357.86933131804,42215200.290659301,0.022113409023654919,27900.376398755896,1261694.9457639302,0.65715651017656285,486.8540507684254,740.84946771297894,0.65524164068385116,11.23236381771302,17.142322954307701,11090545.792118568,474390.43177056173,5030977.2971726237,15304.672711406623,101766.12118718619,32915.547600164391,202.14817200403084,152.08211139488668
21,484,0.0051547377477678315,304716.37174970581,59113845.68141374,0.020696435174580086,33619.234773874945,1624397.3655505169,0.65715771322754801,486.85955687340027,740.85649011445116,0.65524284341922046,11.276097043800933,17.20903502731819,15707515.61486727,626107.1690490722,6487399.0908671236,18441.303090295547,107309.45594833473,35912.456965771962,213.75279169860858,165.5165194223448
22,529,0.0048505515698342647,396472.0412018334,81737516.95941256,0.019322232260827382,40171.899919905911,2079050.669593066,0.65683261918112845,586.73392479817005,893.27769002953858,0.65524393824632188,11.315162228574392,17.268625573031631,21791691.490225755,816184.76246916805,8249417.3959737187,22035.204612437024,136754.9827824432,47047.106439441304,224.36565401784353,179.74606935383622
23,576,0.0045689577538357683,510135.78552485857,111652550.321041,0.017970194275349786,47635.310834584459,2650795.5398082221,0.65683362000569079,586.73842942075282,893.28318702028275,0.65524493907552583,11.353263111939269,17.326746739864024,29799890.799388867,1052001.2722052904,10343824.246484078,26128.566630908419,144146.97105835439,50966.755754958445,235.36663379616087,195.06274626892119
24,625,0.0043236436060892129,649697.4303071677,150266185.07412705,0.016671176428734412,56089.773588359654,3364476.0361172482,0.65658516351427865,695.9044819100784,1059.884567274333,0.65524585750190356,11.387591131288046,17.37911197897953,40381357.117136076,1341948.646092583,12780064.086758293,30765.426330500199,179689.16930622418,65278.381801688105,245.05296864314818,210.88094751068857
25,676,0.0041128225035253112,819667.26187546039,199295559.47840723,0.01545701275779188,65618.958525099399,4245254.8596119182,0.65658600918722976,695.90823174073068,1059.8889132623719,0.65524670330489609,11.421169180936948,17.43033444248022,54357520.551512182,1695521.3870592592,15545581.454988739,35991.663652892508,188361.39936762562,70283.602204962823,255.83250955254766,227.18289979614337
26,729,0.0039360951191877531,1025119.3360631642,260440691.85876441,0.014345423070754103,76309.901469771939,5319459.8091250658,0.65639186522763238,814.36572662994206,1240.6700475294974,0.65524748476457584,11.451642368914998,17.476820033928803,72700353.960272118,2123408.8315077592,18647598.614053961,41855.005152140249,230519.56711790818,88310.115615503761,267.76325581985344,243.95538874689527
27,784,0.0037927255151953055,1271736.4697311933,335309387.57262152,0.013341991522881208,88253.001595527589,6614679.7833123878,0.65639258926129418,814.36889423714922,1240.6735047902384,0.65524820895675373,11.481524093462495,17.522404390456369,96542142.910714,2637591.0417671837,22414480.036751397,48405.021211446139,240559.91586347565,94574.78965505815,280.05651337154342,261.18986040262536
28,841,0.0036759143205120715,1565856.9915276414,425977554.15297884,0.012445054910894269,101542.02227955507,8159226.536691796,0.65623800914282304,942.11767444389295,1435.634116461016,0.65524888194971109,11.508811379032773,17.564030547885846,127200909.61229651,3251438.971220681,27106786.840984836,55693.127944322638,289857.62414320104,116890.64794771383,292.26347312067446,278.88228593223835
29,900,0.0035536465329877439,1914523.1808607567,538748905.69127953,0.01164916227069096,116274.08944543905,9981326.2742491048,0.65623863601968768,942.12038398894003,1435.6368739628365,0.65524950898940215,11.535626719056038,17.604937601323122,166202928.78900129,3979817.238719231,32509750.518721305,63772.582936458486,301530.5122289951,124599.59574890122,304.35986075113442,297.03280713743209
30,961,0.0033972598931386504,2325531.4609244172,684531514.83088684,0.010946746914774791,132549.69218279459,12108592.005894708,0.65611355834359097,1079.160344375214,1644.7767778182135,0.6552500946237878,11.560245567803859,17.642493549644094,215295169.4492912,4839191.3222504407,38670028.995724566,72698.488271343202,358985.49320762779,151815.22918064738,316.34018221101093,315.64520334136449
31,1024,0.0032565608134126622,2807484.2843012423,862100984.79910862,0.010328582790238704,150472.68143720974,14568570.005501419,0.65611410639353807,1079.1626873629223,1644.7789749480544,0.65525064282563394,11.584484116250666,17.679470051788055,276446972.61413211,5847739.9306656653,45626398.037619203,82527.792497924122,372551.17881693639,161164.24128424266,328.2039785633894,334.72623352913132
32,1089,0.0031307162637175699,3369843.7684360598,1076381084.8941443,0.0097837249961190698,170150.27046716111,17391154.241830692,0.65601147641478885,1225.4937556417506,1868.098043557525,0.65525115706902914,11.606841856946547,17.713577048630519,351845807.09796345,7025465.6727913255,53421202.490874752,93319.28074025274,438441.09276966227,193925.73083071533,339.95752384181674,354.2849137840455
33,1156,0.0030188824976211028,4022987.0272459127,1332608019.8272209,0.0092996348642997509,191693.03379296555,20612963.47546434,0.65601195963490722,1225.4958009302973,1868.099785272706,0.65525164041589889,11.628890606753872,17.747213268131347,443902440.0420149,8394318.1558996718,62578610.699243516,105133.59490723499,453777.01168788358,205121.72125688952,351.61542294688883,374.33178699504379
34,1225,0.0029199292253248728,4778263.2491571819,1636431187.3434362,0.0088630173153993359,215214.90753934492,24282352.147209823,0.65592671194274321,1381.117926239471,2105.5979289955044,0.65525209556957553,11.649312781977855,17.778367838490819,555290222.36373448,9978312.4528497718,72989892.133301377,118033.19638615061,528644.06483398331,244110.6991000578,363.2018055341041,394.87823349111358
35,1296,0.0028284119526052962,5648052.4742335742,1996898814.2024579,0.0084613871862683401,240833.18858073826,28462612.959205694,0.65592714117385531,1381.1197265938529,2105.5992958641473,0.65525252492559671,11.669482170882359,17.809137282160673,689049307.04882896,11803656.458876481,84674978.036353841,132082.41557731762,545843.5020643333,257371.94594712305,374.75014827540826,415.93585840657283
36,1369,0.0027297786693269714,6645826.1148788519,2434565919.0447788,0.0080847404822150595,268668.53480131243,33231559.552509289,0.65585556268077427,1546.0328724309277,2357.2764498811316,0.65525293061658818,11.688232462558236,17.837741605458667,848769926.12107635,13898876.588829,97709033.690790534,147347.41865165153,630227.25428681204,303305.67712260288,386.69610505329985,437.51597817160444
37,1444,0.0026390044274696204,7786209.1780335801,2950434299.0054393,0.0077264872426295508,298844.96439300635,38677985.86972113,0.6558559465073468,1546.0344689361591,2357.2775045637873,0.65525331454619828,11.706774773905865,17.866029082223719,1038821306.4063263,16294958.779434096,112161420.31786041,163896.22246587675,649386.42825162492,318862.11613066948,398.86346251523497,460.33885933600794
38,1521,0.0025557644357439803,9085044.2286650706,3554726758.6969237,0.0073832980871118836,331489.85605344473,44897260.295109287,0.65579526496421425,1720.2386086261581,2623.1336219239533,0.65525367841993731,11.724069308361544,17.892412808170231,1264554664.3624773,19025473.837881245,128106613.01476875,181798.59042448038,743827.22223703761,372493.71432093193,411.19215000993808,483.79752813089704
39,1600,0.0024797248659767768,10559457.056672255,4258318010.0155296,0.0070541937223742128,366733.94840434537,51988074.447282776,0.65579561024685729,1720.2400337362803,2623.1344139201246,0.65525402377058806,11.741191944540573,17.918534672976381,1532417812.1237805,22126730.550034262,145652728.36418548,201126.26519756962,765047.86140449787,390587.2529689626,423.39136654626026,507.7856333957223
40,1681,0.0024104603512487468,12227924.083187608,5072858417.6266966,0.0067394715468801457,404711.3401437779,60050901.22105018,0.65574372210384246,1903.7351474903112,2903.1694598348577,0.65525435197419835,11.757209757602512,17.942970881733984,1849960328.0467803,25637910.662486091,164984132.47377384,221952.87271308003,870091.15238094772,452705.9834069694,435.67429428161267,532.28277826214446
41,1764,0.0023473109185805181,14110341.47202266,6011279272.9458961,0.0064398673903112835,445559.48955755215,69187680.825212643,0.65574403433844553,1903.7364271528254,2903.1700289480032,0.65525466427845358,11.773084992520021,17.96718991002404,2225778069.5391865,29601200.679990526,186653260.0028168,244353.62083143002,893483.37742396875,473590.8069383949,448.1846955511167,557.30500438050228
42,1849,0.0022891682436113527,16228095.978667786,7089079635.7836151,0.0061560674994566248,489419.21463990322,79501924.675631419,0.65569932035554801,2096.5225000709097,3197.3839761402928,0.6552549618117951,11.787975814995944,17.989906985827194,2669479876.2228718,34062019.354785882,211263671.82192409,268406.00951004575,1009684.429207059,545022.43318351184,460.38481305106899,582.80209211632496
43,1936,0.0022344735131996163,18604137.506098215,8325960185.3406334,0.0058884928662712131,536434.69267868309,91098809.977564111,0.65569960409714034,2096.5236553013465,3197.3843543616836,0.65525524559904835,11.802748078268072,18.012443482963267,3191687474.8794446,39069011.894189335,238329639.67042693,294188.53385265352,1035369.3111423719,568965.28131048835,472.82603651189527,608.83344163066636
44,2025,0.0021773572315754931,21263053.396710206,9765532769.8912659,0.0056372509023942825,586753.46034789563,104085035.50883049,0.65566080102596991,2298.6006760273754,3505.7771830046167,0.65525551656625469,11.816638215803154,18.033634081748843,3804054090.5195842,44674433.922033735,267989940.30403939,321782.63943210419,1163297.3606853476,650572.4194867952,484.94079795018581,635.30224725390156
45,2116,0.0021187438639545483,24231144.431890108,11436561466.501984,0.00540215723297923,640526.41336069943,118568635.77579659,0.65566105987681889,2298.6017240054439,3505.7773972992836,0.65525577556891734,11.830429614019232,18.054674304469298,4519318434.4016008,50934129.367251523,300383599.10016662,351270.96548456396,1191408.2717212946,677852.8179211875,497.31647158490915,662.32456670511272
46,2209,0.0020636441587178638,27536502.567067157,13343629254.461926,0.0051827831033470937,697907.80653579184,134658887.43927485,0.65562717079841515,2509.9696838364257,3828.3490917251247,0.65525602337662769,11.843426448607813,18.074502219112688,5351396787.6807098,57907696.651587039,335653642.6989395,382737.71941957233,1331648.9725129618,770535.2702578539,509.35418947308051,689.74730621881974
47,2304,0.0020119658066742145,31209090.375342373,15511739946.978071,0.0049784996031902364,759055.25349912967,152466669.47863668,0.65562740809200504,2509.9706387053807,3828.3491625370752,0.65525626070146759,11.856341006333096,18.094204843827967,6315350633.512434,65658919.148565955,373960428.46480745,416270.18291905581,1362330.8357575575,801445.70890908793,521.67563600315918,717.74937603283649
48,2401,0.0019635672319307782,35280822.225028627,17967717963.156754,0.004788506259047475,824129.72674065107,172105805.47608727,0.65559763756075373,2730.6295307982759,4165.0997110941089,0.65525648819929749,11.868536485240822,18.112810325398847,7427559810.1680975,74255436.749678433,415496523.09728676,451955.18795867939,1515485.8729804466,906140.7551985957,533.65524889802771,746.11806562589118
49,2500,0.0019182730466846582,39785647.166968249,20740346237.846371,0.004611856415211133,893295.55735865445,193695439.95609391,0.65559785592099229,2730.6304043629784,4165.0996562930395,0.65525670646500844,11.880663442288986,18.131311476967582,8705590613.7113972,83769413.946654901,460984639.68433315,489884.56862469605,1548891.8553392706,940986.80991043535,545.94083129449939,775.09513421864096
50,2601,0.0018758103471848673,44759633.555716105,23861491980.193718,0.0044474768050905712,966720.4350917025,217363794.67683712,0.6555715629561556,2960.5802234131702,4516.029051142923,0.65525691604709446,11.892136812871582,18.148815406042772,10168380074.641403,94277756.021639839,511093664.58033204,530149.08908909571,1715575.3689014812,1058669.4466995837,557.89001433699968,804.41032974775874
51,2704,0.0018359147778475387,50241055.379775085,27365679489.043957,0.0042941974708844101,1044575.4081095231,243252764.96760359,0.65557176453832988,2960.5810255717774,4516.0288861078288,0.65525711745787107,11.903553216096368,18.166232611523967,11836223383.247925,105861623.41204616,565360915.46178246,572842.76608666917,1751861.5535975448,1097769.8448676192,570.16277929737191,834.36321969881237
52,2809,0.0017976766935316386,56270480.325666435,31301779974.195393,0.0041507917038609374,1127034.8830344032,271522871.64544308,0.65554842909919508,3199.8217673616341,4881.1371140932888,0.65525731116362618,11.914373191519724,18.18273980089106,13731436021.109598,118607454.47113043,623992948.39289284,618061.20378004131,1932694.263314168,1229452.9630518018,582.16225423354103,864.63233825730401
53,2916,0.0017577470548934776,62890859.552522428,35779243308.892197,0.0040160266581615155,1214276.6247487899,302357710.27094471,0.65554861536396869,3199.8225064461972,4881.1368546169779,0.65525749759596663,11.925145952785412,18.199175128154714,15877850639.802013,132606540.68395206,687199462.02449954,665902.27560236526,1972013.7986674544,1273139.5999248133,594.46989520177465,895.56628010484917
54,3025,0.0017197957477562164,70147619.197722986,40788343202.524605,0.0038887230881756015,1306481.7564291044,335966775.41831386,0.65552781004811744,3448.3541675790116,5260.4239129471771,0.65525767715912053,11.935372443479174,18.214776964117629,18301316522.016708,147955143.42600995,755196724.15190089,716465.43451431964,2167616.6021967633,1419874.1017349374,606.88149049869935,926.80172218687949
55,3136,0.0016837096105963567,78088753.59621875,46378991427.48275,0.0037678159877521664,1403834.7593583858,372585806.71714193,0.65552798294737036,3448.3548507308437,5260.4235676201451,0.65525785022492422,11.945559988899658,18.230319537261884,21032611071.29562,164755841.31866202,828219170.12278378,769849.60616064933,2210115.0671472899,1468492.0098261258,619.16535326751182,958.72507357170343
56,3249,0.0016495340835854383,86764920.228820786,52599652891.213966,0.0036523958157601002,1506523.4729578532,412475413.11300361,0.65550935482856221,3706.1774285238398,5653.8894543970773,0.65525801714932674,11.95524549890458,18.245096108728873,24103463467.704212,183116702.39365891,906543809.85868275,826160.67281150364,2421104.0433462122,1631366.8665168227,631.54413424584209,990.94234729086713
57,3364,0.0016170378093355946,96229536.383178458,59509762744.952179,0.0035417328901902905,1614739.0946428115,455917807.6684531,0.65550951604433383,3706.1780618040107,5653.8890299700124,0.65525817823629962,11.964899101908966,18.25982414155261,27552096541.98489,203150197.48808885,990470581.08701098,885503.28196454607,2466917.2764664381,1685274.1526981201,643.80526938481523,1023.8653353813339
58,3481,0.0015862650958737062,106538877.54791574,67163349824.094002,0.0034352834728174266,1728676.1798096912,503212091.08019489,0.65549277275230988,3973.2915540339895,6061.5337333938414,0.65525833379585774,11.974089864041238,18.273845972589648,31418741548.298851,224977871.83889702,1080372829.2935863,947984.30294723005,2694425.9172100653,1865416.4090406774,656.18925733655112,1057.0813423088666
59,3600,0.001557029411507849,117752177.51469566,75626174203.519257,0.0033326654957871512,1848532.6417386667,554670921.54175436,0.65549292266327519,3973.2921427522556,6061.5332452541588,0.65525848411127519,11.983254731413512,18.287828424940361,35751758554.979485,248724415.92779335,1176695034.4563849,1013708.6120780964,2744196.7212545574,1924984.1573539223,668.61320194734731,1091.0149329767376
60,3721,0.0015291304928225699,129931730.21668406,84970988955.198654,0.0032336382178758086,1974509.7515642634,610615541.54358292,0.65547781791585358,4249.6965476806154,6483.3567689489173,0.65525862943365432,11.991991637060439,18.301157891541575,40602867016.677422,274523212.96068794,1281139025.6824307,1082790.6203587118,2988323.2634168193,2123558.8882523617,681.02472482127041,1125.2465209753655
